{
    "mesh":{"triangles":[9,14,8,8,14,13,14,9,15,15,9,7,16,15,6,6,15,7,17,16,5,5,16,6,17,5,18,18,5,4,18,4,19,19,4,3,19,3,20,20,3,2,21,20,1,1,20,2,22,21,10,10,21,1,23,22,0,0,22,10,25,24,12,12,24,11,8,13,12,12,13,25,39,40,34,34,40,35,33,35,41,41,35,40,42,32,41,41,32,33,43,31,42,42,31,32,30,31,44,44,31,43,29,30,45,45,30,44,28,29,46,46,29,45,47,27,46,46,27,28,48,36,47,47,36,27,49,26,48,48,26,36,51,38,50,50,38,37,34,38,39,39,38,51],"vertPositions":[-7.830329895019531,166.3460693359375,-31.807226181030275,-23.81185531616211,182.9545135498047,-33.20114517211914,-32.710601806640628,190.41827392578126,-30.243099212646486,-39.89126968383789,194.7933349609375,-21.77233123779297,-42.69823455810547,195.4832000732422,-7.037050247192383,-41.835269927978519,195.09909057617188,6.7506232261657719,-37.32162857055664,194.8444366455078,18.697647094726564,-29.79592514038086,193.82479858398438,26.039873123168947,-16.771787643432618,181.0171356201172,32.288414001464847,-22.579437255859376,189.18359375,30.714303970336915,-15.295536041259766,174.35568237304688,-31.078235626220704,-8.279365539550782,160.2316436767578,30.400697708129884,-10.825940132141114,170.24673461914063,31.912052154541017,-20.908960342407228,175.5191650390625,31.657718658447267,-26.82318878173828,182.88233947753907,30.51880645751953,-33.46321487426758,187.37506103515626,25.842451095581056,-40.647274017333987,188.42271423339845,18.560199737548829,-44.91720962524414,188.69003295898438,6.879547595977783,-45.943939208984378,189.24169921875,-7.014904022216797,-43.4775276184082,188.69247436523438,-21.68368148803711,-36.704063415527347,184.67213439941407,-29.58038330078125,-28.37255859375,177.7051239013672,-32.38351058959961,-20.354169845581056,169.32952880859376,-30.07746124267578,-13.136113166809082,161.30990600585938,-30.597797393798829,-16.399320602416993,160.17758178710938,27.141456604003908,-17.987060546875,168.8816375732422,29.97359275817871,7.830329895019531,166.3460693359375,-31.807226181030275,23.81185531616211,182.9545135498047,-33.20114517211914,32.710601806640628,190.41827392578126,-30.243099212646486,39.89126968383789,194.7933349609375,-21.77233123779297,42.69823455810547,195.4832000732422,-7.037050247192383,41.835269927978519,195.09909057617188,6.7506232261657719,37.32162857055664,194.8444366455078,18.697647094726564,29.79592514038086,193.82479858398438,26.039873123168947,16.771787643432618,181.0171356201172,32.288414001464847,22.579437255859376,189.18359375,30.714303970336915,15.295536041259766,174.35568237304688,-31.078235626220704,8.279365539550782,160.2316436767578,30.400697708129884,10.825940132141114,170.24673461914063,31.912052154541017,20.908960342407228,175.5191650390625,31.657718658447267,26.82318878173828,182.88233947753907,30.51880645751953,33.46321487426758,187.37506103515626,25.842451095581056,40.647274017333987,188.42271423339845,18.560199737548829,44.91720962524414,188.69003295898438,6.879547595977783,45.943939208984378,189.24169921875,-7.014904022216797,43.4775276184082,188.69247436523438,-21.68368148803711,36.704063415527347,184.67213439941407,-29.58038330078125,28.37255859375,177.7051239013672,-32.38351058959961,20.354169845581056,169.32952880859376,-30.07746124267578,13.136113166809082,161.30990600585938,-30.597797393798829,16.399320602416993,160.17758178710938,27.141456604003908,17.987060546875,168.8816375732422,29.97359275817871]},
    "influences": [{
            "pivot": [0.07666889325809485, 144.19352374572069, 0.0],
            "path": "|Root_Jnt",
            "index": 0,
            "labelText": "",
            "labelSide": 0
        }, {
            "pivot": [0.2614718433908483, 120.13465209987497, -1.3663795078012672e-22],
            "path": "|Root_Jnt|Hip_Jnt",
            "index": 1,
            "labelText": "",
            "labelSide": 0
        }, {
            "pivot": [-26.06477013401376, 120.13444339561826, 7.45296618575284e-23],
            "path": "|Root_Jnt|Hip_Jnt|R_Leg_Jnt",
            "index": 2,
            "labelText": "",
            "labelSide": 0
        }, {
            "pivot": [26.587700000000017, 118.85079369559917, 4.915553616576962e-23],
            "path": "|Root_Jnt|Hip_Jnt|L_Leg_Jnt",
            "index": 7,
            "labelText": "",
            "labelSide": 0
        }, {
            "pivot": [0.07666889325809485, 173.17963707892984, -0.045227448527674598],
            "path": "|Root_Jnt|Spine_Jnt",
            "index": 12,
            "labelText": "",
            "labelSide": 0
        }, {
            "pivot": [0.0766688932580949, 199.44629302092722, -0.045227448527674598],
            "path": "|Root_Jnt|Spine_Jnt|Neck_Jnt",
            "index": 13,
            "labelText": "",
            "labelSide": 0
        }, {
            "pivot": [0.0766688932580949, 199.4052733435311, 9.0941979888878],
            "path": "|Root_Jnt|Spine_Jnt|Neck_Jnt|Face_Jnt",
            "index": 45,
            "labelText": "",
            "labelSide": 0
        }, {
            "pivot": [0.07666889325809488, 191.59273493480718, 33.777984985776097],
            "path": "|Root_Jnt|Spine_Jnt|Neck_Jnt|Face_Jnt|Mouth_Jnt",
            "index": 46,
            "labelText": "",
            "labelSide": 0
        }, {
            "pivot": [-16.37634327998693, 202.71703679213065, 30.614625875495283],
            "path": "|Root_Jnt|Spine_Jnt|Neck_Jnt|Face_Jnt|R_Eye",
            "index": 48,
            "labelText": "",
            "labelSide": 0
        }, {
            "pivot": [16.52969999999999, 202.71700000000005, 30.61460000000002],
            "path": "|Root_Jnt|Spine_Jnt|Neck_Jnt|Face_Jnt|L_Eye",
            "index": 50,
            "labelText": "",
            "labelSide": 0
        }, {
            "pivot": [-31.773724859816175, 182.79255835077775, 22.392205869274496],
            "path": "|Root_Jnt|Spine_Jnt|R_Arm_Jnt",
            "index": 52,
            "labelText": "",
            "labelSide": 0
        }, {
            "pivot": [-31.773724859816175, 162.12521645029589, 22.39220586927449],
            "path": "|Root_Jnt|Spine_Jnt|R_Arm_Jnt|R_Arm_Upper_Jnt",
            "index": 53,
            "labelText": "",
            "labelSide": 0
        }, {
            "pivot": [-31.773724859816178, 142.60606021095189, 22.392205869274496],
            "path": "|Root_Jnt|Spine_Jnt|R_Arm_Jnt|R_Arm_Upper_Jnt|R_Arm_Lower_Jnt",
            "index": 54,
            "labelText": "",
            "labelSide": 0
        }, {
            "pivot": [31.9271, 182.793, 22.392199999999997],
            "path": "|Root_Jnt|Spine_Jnt|L_Arm_Jnt",
            "index": 57,
            "labelText": "",
            "labelSide": 0
        }, {
            "pivot": [31.927099999999997, 162.12499999999998, 22.392199999999993],
            "path": "|Root_Jnt|Spine_Jnt|L_Arm_Jnt|L_Arm_Upper_Jnt",
            "index": 58,
            "labelText": "",
            "labelSide": 0
        }, {
            "pivot": [31.927099999999997, 142.606, 22.3922],
            "path": "|Root_Jnt|Spine_Jnt|L_Arm_Jnt|L_Arm_Upper_Jnt|L_Arm_Lower_Jnt",
            "index": 59,
            "labelText": "",
            "labelSide": 0
        }],
    "layers": [{
            "id": 1,
            "name": "Base weights",
            "enabled": true,
            "opacity": 1.0,
            "index": 0,
            "paintTarget": null,
            "parentId": null,
            "children": [],
            "effects": {
                "mirrorMask": false,
                "mirrorWeights": false,
                "mirrorDq": false
            },